fiscal_year,fiscal_period,period_end,form,revenue,gross_profit,operating_income,net_income,eps_diluted,operating_cash_flow,capex,rd_expense,long_term_debt
2010,FY,2008-01-27,10-K,4097860000,1869280000,836346000,797645000,1.31,1270196000,,691637000,
2009,Q2,2008-07-27,10-Q,892676000,149917000,-155392000,-120929000,-0.22,226202000,,212910000,
2009,Q3,2008-10-26,10-Q,897655000,367843000,56796000,61748000,0.11,269205000,,212360000,
2010,FY,2009-01-25,10-K,3424859000,1174269000,-70700000,-30041000,-0.05,249360000,,855879000,
2010,Q2,2009-04-26,10-Q,664231000,189696000,-230965000,-201338000,-0.37,142128000,,301797000,
2010,FY,2009-04-26,10-K,664231000,189696000,,-201338000,-0.37,,,,
2009,Q2,2009-07-26,10-Q,776520000,156723000,-110107000,-105302000,-0.19,277245000,,192855000,
2010,Q3,2009-07-26,10-Q,776520000,156723000,-110107000,-105302000,-0.19,277245000,,192855000,
2010,FY,2009-07-26,10-K,776520000,156723000,,-105302000,-0.19,,,,
2009,Q3,2009-10-25,10-Q,903206000,391783000,107845000,107577000,0.19,418562000,,197948000,
2010,Q3,2009-10-25,10-Q,903206000,391783000,107845000,107577000,0.19,418562000,,197948000,
2010,FY,2009-10-25,10-K,903206000,391783000,,107577000,0.19,,,,
2010,FY,2010-01-31,10-K,982488000,438721000,-98945000,131076000,0.23,487807000,,908851000,
2011,FY,2010-01-31,10-K,3326445000,1176923000,-98945000,-67987000,-0.12,487807000,77601000,908851000,
2010,Q2,2010-05-02,10-Q,1001813000,456377000,147393000,137594000,0.23,-5397000,,218105000,
2010,FY,2010-05-02,10-K,1001813000,456377000,,137594000,0.23,,,,
2011,Q1,2010-05-02,10-Q,1001813000,456377000,147393000,137594000,0.23,-5397000,,218105000,
2011,FY,2010-05-02,10-K,1001813000,456377000,,137594000,0.23,,,,
2011,FY,2010-07-31,10-K,811208000,134292000,,-140961000,-0.25,,,,
2010,Q3,2010-08-01,10-Q,811208000,134292000,-175207000,-140961000,-0.25,28947000,,210635000,
2011,Q2,2010-08-01,10-Q,811208000,134292000,-175207000,-140961000,-0.25,28947000,,210635000,
2010,FY,2010-08-01,10-K,811208000,134292000,,-140961000,-0.25,,,,
2010,Q3,2010-10-31,10-Q,843912000,392062000,103783000,84862000,0.15,241124000,,204527000,
2011,Q3,2010-10-31,10-Q,843912000,392062000,103783000,84862000,0.15,241124000,,204527000,
2010,FY,2010-10-31,10-K,843912000,392062000,,84862000,0.15,,,,
2011,FY,2010-10-31,10-K,843912000,392062000,,84862000,0.15,,,,
2010,FY,2011-01-30,10-K,886376000,426359000,255747000,171651000,0.29,675797000,,848830000,
2011,FY,2011-01-30,10-K,886376000,426359000,255747000,171651000,0.29,675797000,97890000,848830000,
2012,FY,2011-01-30,10-K,3543309000,1409090000,255747000,253146000,0.43,675797000,,848830000,
2011,Q1,2011-05-01,10-Q,962039000,484503000,154862000,135219000,0.22,172200000,,231524000,
2011,FY,2011-05-01,10-K,962039000,484503000,,135219000,0.22,,,,
2012,Q1,2011-05-01,10-Q,962039000,484503000,154862000,135219000,0.22,172200000,31195000,231524000,
2012,FY,2011-05-01,10-K,962039000,484503000,,135219000,0.22,,,,
2011,Q2,2011-07-31,10-Q,1016517000,525284000,174030000,151573000,0.25,254221000,,247721000,
2012,Q2,2011-07-31,10-Q,1016517000,525284000,174030000,151573000,0.25,254221000,54518000,247721000,
2011,FY,2011-07-31,10-K,1016517000,525284000,,151573000,0.25,,,,
2012,FY,2011-07-31,10-K,1016517000,525284000,,151573000,0.25,,,,
2011,Q3,2011-10-30,10-Q,1066180000,556717000,197090000,178273000,0.29,498638000,,256498000,
2012,Q3,2011-10-30,10-Q,1066180000,556717000,197090000,178273000,0.29,498638000,93553000,256498000,
2011,FY,2011-10-30,10-K,1066180000,556717000,,178273000,0.29,,,,
2012,FY,2011-10-30,10-K,1066180000,556717000,,178273000,0.29,,,,
2011,FY,2012-01-29,10-K,953194000,490013000,648299000,116025000,0.19,909156000,138735000,1002605000,
2012,FY,2012-01-29,10-K,953194000,490013000,648299000,116025000,0.19,909156000,,1002605000,
2013,FY,2012-01-29,10-K,3997930000,2056517000,648299000,581090000,0.94,909156000,,1002605000,
2012,Q1,2012-04-29,10-Q,924877000,463364000,72826000,60437000,0.1,-9208000,28923000,283902000,
2012,FY,2012-04-29,10-K,924877000,463364000,,60437000,0.1,,,,
2013,Q1,2012-04-29,10-Q,924877000,463364000,72826000,60437000,0.1,-9208000,28923000,283902000,
2013,FY,2012-04-29,10-K,924877000,463364000,,60437000,0.1,,,,
2012,Q2,2012-07-29,10-Q,1044270000,540719000,139623000,119046000,0.19,191678000,90867000,281193000,
2013,Q2,2012-07-29,10-Q,1044270000,540719000,139623000,119046000,0.19,191678000,90867000,281193000,
2012,FY,2012-07-29,10-K,1044270000,540719000,,119046000,0.19,,,,
2013,FY,2012-07-29,10-K,1044270000,540719000,,119046000,0.19,,,,
2012,Q3,2012-10-28,10-Q,1204110000,636658000,252217000,209080000,0.33,373163000,135551000,284180000,
2013,Q3,2012-10-28,10-Q,1204110000,636658000,252217000,209080000,0.33,373163000,135551000,284180000,
2012,FY,2012-10-28,10-K,1204110000,636658000,,209080000,0.33,,,,
2013,FY,2012-10-28,10-K,1204110000,636658000,,209080000,0.33,,,,
2012,FY,2013-01-27,10-K,1106902000,585602000,648239000,173973000,0.28,824172000,,1147282000,
2013,FY,2013-01-27,10-K,1106902000,585602000,648239000,173973000,0.28,824172000,,1147282000,
2015,FY,2013-01-27,10-K,4280159000,2226343000,648239000,562536000,0.9,824172000,,1147282000,
2013,Q1,2013-04-28,10-Q,954739000,518568000,82781000,77891000,0.13,175650000,65667000,327161000,
2013,FY,2013-04-28,10-K,954739000,518568000,,77891000,0.13,,,,
2014,Q1,2013-04-28,10-Q,954739000,518568000,82781000,77891000,0.13,175650000,65667000,327161000,
2015,FY,2013-04-28,10-K,954739000,518568000,,77891000,0.13,,,,
2013,Q2,2013-07-28,10-Q,977238000,545538000,105534000,96448000,0.16,272119000,150653000,331738000,
2015,Q2,2013-07-28,10-Q,977238000,545538000,105534000,96448000,0.16,272119000,150653000,331738000,
2013,FY,2013-07-28,10-K,977238000,545538000,,96448000,0.16,,,,
2015,FY,2013-07-28,10-K,977238000,545538000,,96448000,0.16,,,,
2013,Q3,2013-10-27,10-Q,1053967000,584415000,140988000,118734000,0.2,434434000,188812000,340294000,
2015,Q3,2013-10-27,10-Q,1053967000,584415000,140988000,118734000,0.2,434434000,188812000,340294000,
2013,FY,2013-10-27,10-K,1053967000,584415000,,118734000,0.2,,,,
2015,FY,2013-10-27,10-K,1053967000,584415000,,118734000,0.2,,,,
2013,FY,2014-01-26,10-K,1144218000,619242000,496227000,146917000,0.25,835146000,,1335834000,
2015,FY,2014-01-26,10-K,1144218000,619242000,496227000,146917000,0.25,835146000,,1335834000,
2016,FY,2014-01-26,10-K,4130000000,2268000000,496000000,440000000,0.74,835000000,,1336000000,
2014,Q1,2014-04-27,10-Q,1102787000,604202000,151359000,136516000,0.24,151022000,29068000,334263000,
2015,FY,2014-04-27,10-K,1102787000,604202000,,136516000,0.24,,,,
2016,Q1,2014-04-27,10-Q,1103000000,604000000,151000000,137000000,0.24,151000000,29000000,334000000,
2016,FY,2014-04-27,10-K,1103000000,604000000,,137000000,0.24,,,,
2015,Q2,2014-07-27,10-Q,1102824000,618974000,163179000,127976000,0.22,247304000,51595000,337124000,
2016,Q2,2014-07-27,10-Q,1103000000,619000000,163000000,128000000,0.22,247000000,52000000,337000000,
2015,FY,2014-07-27,10-K,1102824000,618974000,,127976000,0.22,,,,
2016,FY,2014-07-27,10-K,1103000000,619000000,,128000000,0.22,,,,
2015,Q3,2014-10-26,10-Q,1225382000,676698000,213315000,172967000,0.31,462927000,91336000,340085000,
2016,Q3,2014-10-26,10-Q,1225000000,676000000,213000000,173000000,0.31,463000000,91000000,340000000,
2015,FY,2014-10-26,10-K,1225382000,676698000,,172967000,0.31,,,,
2016,FY,2014-10-26,10-K,1225000000,677000000,,173000000,0.31,,,,
2015,FY,2015-01-25,10-K,1250514000,699603000,758989000,193128000,0.35,905656000,,1359725000,
2016,FY,2015-01-25,10-K,1251000000,699000000,759000000,193000000,0.35,906000000,,1360000000,
2017,FY,2015-01-25,10-K,4682000000,2599000000,759000000,631000000,1.12,906000000,,1360000000,
2016,Q1,2015-04-26,10-Q,1151000000,653000000,176000000,134000000,0.24,246000000,30000000,339000000,
2016,FY,2015-04-26,10-K,1151000000,653000000,,134000000,0.24,,,,
2017,Q1,2015-04-26,10-Q,1151000000,653000000,176000000,134000000,0.24,246000000,30000000,339000000,
2017,FY,2015-04-26,10-K,1151000000,653000000,,134000000,0.24,,,,
2016,Q2,2015-07-26,10-Q,1153000000,634000000,76000000,26000000,0.05,409000000,54000000,320000000,
2017,Q2,2015-07-26,10-Q,1153000000,634000000,76000000,26000000,0.05,409000000,54000000,320000000,
2016,FY,2015-07-26,10-K,1153000000,634000000,,26000000,0.05,,,,
2017,FY,2015-07-26,10-K,1153000000,634000000,,26000000,0.05,,,,
2016,Q3,2015-10-25,10-Q,1305000000,734000000,245000000,246000000,0.44,664000000,71000000,329000000,
2017,Q3,2015-10-25,10-Q,1305000000,734000000,245000000,246000000,0.44,664000000,71000000,329000000,
2016,FY,2015-10-25,10-K,1305000000,733000000,,247000000,0.44,,,,
2017,FY,2015-10-25,10-K,1305000000,733000000,,247000000,0.44,,,,
2016,FY,2016-01-31,10-K,1401000000,791000000,747000000,207000000,0.35,1175000000,,1331000000,
2017,FY,2016-01-31,10-K,1401000000,791000000,747000000,207000000,0.35,1175000000,,1331000000,
2018,FY,2016-01-31,10-K,5010000000,2811000000,747000000,614000000,1.08,1175000000,,1331000000,
2017,Q1,2016-05-01,10-Q,1305000000,751000000,245000000,196000000,0.33,309000000,55000000,346000000,
2017,FY,2016-05-01,10-K,1305000000,751000000,,208000000,0.35,318000000,,,
2018,Q1,2016-05-01,10-Q,1305000000,751000000,245000000,208000000,0.35,319000000,55000000,346000000,
2018,FY,2016-05-01,10-K,1305000000,751000000,,208000000,0.35,,,,
2017,Q3,2016-05-01,10-Q,,,,208000000,0.35,318000000,,,
2017,Q2,2016-07-31,10-Q,1428000000,826000000,317000000,253000000,0.4,493000000,87000000,350000000,
2018,Q2,2016-07-31,10-Q,1428000000,826000000,317000000,261000000,0.41,519000000,87000000,350000000,
2017,FY,2016-07-31,10-K,1428000000,826000000,,261000000,0.41,201000000,,,
2018,FY,2016-07-31,10-K,1428000000,826000000,,261000000,0.41,,,,
2017,Q3,2016-07-31,10-Q,,,,261000000,0.41,201000000,,,
2017,Q3,2016-10-30,10-Q,2004000000,1183000000,639000000,542000000,0.83,951000000,125000000,373000000,
2018,Q3,2016-10-30,10-Q,2004000000,1183000000,639000000,542000000,0.83,951000000,125000000,373000000,
2017,FY,2016-10-30,10-K,2004000000,1183000000,,542000000,0.83,,,,
2018,FY,2016-10-30,10-K,2004000000,1183000000,,542000000,0.83,,,,
2017,FY,2017-01-29,10-K,2173000000,1303000000,1934000000,655000000,0.99,1672000000,,1463000000,
2018,FY,2017-01-29,10-K,2173000000,1303000000,1934000000,655000000,0.99,1672000000,,1463000000,
2019,FY,2017-01-29,10-K,,4063000000,1934000000,1666000000,2.57,1672000000,,1463000000,
2018,Q1,2017-04-30,10-Q,1937000000,1150000000,554000000,507000000,0.79,282000000,54000000,411000000,
2018,FY,2017-04-30,10-K,1937000000,1150000000,,507000000,0.79,,,,
2019,Q1,2017-04-30,10-Q,1937000000,1150000000,554000000,507000000,0.79,282000000,54000000,411000000,
2019,FY,2017-04-30,10-K,,1150000000,,507000000,0.79,,,,
2018,Q2,2017-07-30,10-Q,2230000000,1302000000,688000000,583000000,0.92,987000000,108000000,416000000,
2018,FY,2017-07-30,10-K,2230000000,1302000000,,583000000,0.92,,,,
2019,Q2,2017-07-30,10-Q,2230000000,1302000000,688000000,583000000,0.92,987000000,108000000,416000000,
2019,FY,2017-07-30,10-K,,1302000000,,583000000,0.92,,,,
2018,Q3,2017-10-29,10-Q,2636000000,1569000000,895000000,838000000,1.33,2144000000,177000000,462000000,
2019,Q3,2017-10-29,10-Q,2636000000,1569000000,895000000,838000000,1.33,2144000000,177000000,462000000,
2018,FY,2017-10-29,10-K,2636000000,1569000000,,838000000,1.33,,,,
2019,FY,2017-10-29,10-K,,1569000000,,838000000,1.33,,,,
2018,FY,2018-01-28,10-K,2911000000,1801000000,3210000000,1118000000,1.78,3502000000,,1797000000,
2019,FY,2018-01-28,10-K,,1801000000,3210000000,1118000000,1.78,3502000000,,1797000000,
2020,FY,2018-01-28,10-K,,5822000000,3210000000,3047000000,4.82,3502000000,,1797000000,
2019,Q1,2018-04-29,10-Q,3207000000,2068000000,1295000000,1244000000,1.98,1445000000,118000000,542000000,
2020,Q1,2018-04-29,10-Q,3207000000,2068000000,1295000000,1244000000,1.98,1445000000,118000000,542000000,
2019,FY,2018-04-29,10-K,,2068000000,,1244000000,1.98,,,,
2020,FY,2018-04-29,10-K,,2068000000,,1244000000,1.98,,,,
2019,Q2,2018-07-29,10-Q,3123000000,1975000000,1157000000,1101000000,1.76,2358000000,247000000,581000000,
2020,Q2,2018-07-29,10-Q,3123000000,1975000000,1157000000,1101000000,1.76,2358000000,247000000,581000000,
2019,FY,2018-07-29,10-K,,1975000000,,1101000000,1.76,,,,
2020,FY,2018-07-29,10-K,,1975000000,,1101000000,1.76,,,,
2019,Q3,2018-10-28,10-Q,3181000000,1921000000,1058000000,1230000000,1.97,2845000000,397000000,605000000,
2020,Q3,2018-10-28,10-Q,3181000000,1921000000,1058000000,1230000000,1.97,2845000000,397000000,605000000,
2019,FY,2018-10-28,10-K,,1921000000,,1230000000,1.97,,,,
2020,FY,2018-10-28,10-K,,1921000000,,1230000000,1.97,,,,
2019,FY,2019-01-27,10-K,,1207000000,3804000000,567000000,0.92,3743000000,,2376000000,
2020,FY,2019-01-27,10-K,,1207000000,3804000000,567000000,0.92,3743000000,,2376000000,
2021,FY,2019-01-27,10-K,,7171000000,3804000000,4141000000,6.63,3743000000,,2376000000,
2020,Q1,2019-04-28,10-Q,2220000000,1296000000,358000000,394000000,0.64,720000000,128000000,674000000,
2020,FY,2019-04-28,10-K,,1296000000,,394000000,0.64,,,,
2020,Q2,2019-07-28,10-Q,2579000000,1541000000,571000000,552000000,0.9,1656000000,241000000,704000000,
2020,FY,2019-07-28,10-K,,1541000000,,552000000,0.9,,,,
2020,Q3,2019-10-27,10-Q,3014000000,1916000000,927000000,899000000,1.45,3296000000,344000000,712000000,
2021,Q3,2019-10-27,10-Q,3014000000,1916000000,927000000,899000000,1.45,3296000000,,712000000,
2020,FY,2019-10-27,10-K,,1916000000,,899000000,1.45,,,,
2022,FY,2020-01-26,10-K,10918000000,6768000000,2846000000,2796000000,1.13,4761000000,,2829000000,
2020,FY,2020-01-26,10-K,,2015000000,2846000000,950000000,1.53,4761000000,,2829000000,
2021,FY,2020-01-26,10-K,,6768000000,2846000000,2796000000,4.52,4761000000,,2829000000,1991000000
2021,Q3,2020-01-26,10-Q,,,,,,,,,1991000000
2020,Q1,2020-04-26,10-Q,3080000000,2004000000,976000000,917000000,1.47,909000000,155000000,735000000,
2022,Q1,2020-04-26,10-Q,3080000000,2004000000,976000000,917000000,1.47,909000000,,735000000,
2020,Q2,2020-07-26,10-Q,3866000000,2275000000,651000000,622000000,0.99,2476000000,372000000,997000000,
2022,Q2,2020-07-26,10-Q,3866000000,2275000000,651000000,622000000,0.25,2476000000,,997000000,
2021,Q3,2020-10-25,10-Q,4726000000,2960000000,1398000000,1336000000,2.12,3755000000,,1047000000,5963000000
2022,Q3,2020-10-25,10-Q,4726000000,2960000000,1398000000,1336000000,0.53,3755000000,,1047000000,
2022,FY,2021-01-31,10-K,16675000000,10396000000,4532000000,4332000000,1.73,5822000000,,3924000000,5964000000
2023,FY,2021-01-31,10-K,16675000000,10396000000,4532000000,4332000000,1.73,5822000000,,3924000000,
2021,FY,2021-01-31,10-K,,10396000000,4532000000,4332000000,6.9,5822000000,,3924000000,5964000000
2022,Q1,2021-01-31,10-Q,,,,,,,,,5964000000
2022,Q2,2021-01-31,10-Q,,,,,,,,,5964000000
2022,Q3,2021-01-31,10-Q,,,,,,,,,5964000000
2022,Q1,2021-05-02,10-Q,5661000000,3629000000,1956000000,1912000000,3.03,1874000000,,1153000000,5964000000
2023,Q1,2021-05-02,10-Q,5661000000,3629000000,1956000000,1912000000,0.76,1874000000,,1153000000,
2022,Q2,2021-08-01,10-Q,6507000000,4215000000,2444000000,2374000000,0.94,4556000000,,1245000000,10943000000
2023,Q2,2021-08-01,10-Q,6507000000,4215000000,2444000000,2374000000,0.94,4556000000,,1245000000,
2022,Q3,2021-10-31,10-Q,7103000000,4631000000,2671000000,2464000000,0.97,6075000000,,1403000000,10944000000
2023,Q3,2021-10-31,10-Q,7103000000,4631000000,2671000000,2464000000,0.97,6075000000,,1403000000,
2022,FY,2022-01-30,10-K,26914000000,17475000000,10041000000,9752000000,3.85,9108000000,,5268000000,10946000000
2023,FY,2022-01-30,10-K,26914000000,17475000000,10041000000,9752000000,3.85,9108000000,,5268000000,10946000000
2024,FY,2022-01-30,10-K,26914000000,17475000000,10041000000,9752000000,3.85,9108000000,,5268000000,
2023,Q1,2022-01-30,10-Q,,,,,,,,,10946000000
2023,Q2,2022-01-30,10-Q,,,,,,,,,10946000000
2023,Q3,2022-01-30,10-Q,,,,,,,,,10946000000
2023,Q1,2022-05-01,10-Q,8288000000,5431000000,1868000000,1618000000,0.64,1731000000,,1618000000,10947000000
2024,Q1,2022-05-01,10-Q,8288000000,5431000000,1868000000,1618000000,0.64,1731000000,,1618000000,
2023,Q2,2022-07-31,10-Q,6704000000,2915000000,499000000,656000000,0.26,3001000000,,1824000000,9700000000
2024,Q2,2022-07-31,10-Q,6704000000,2915000000,499000000,656000000,0.26,3001000000,,1824000000,
2023,Q3,2022-10-30,10-Q,5931000000,3177000000,601000000,680000000,0.27,3393000000,,1945000000,9701000000
2024,Q3,2022-10-30,10-Q,5931000000,3177000000,601000000,680000000,0.27,3393000000,,1945000000,
2023,FY,2023-01-29,10-K,26974000000,15356000000,4224000000,4368000000,1.74,5641000000,,7339000000,9703000000
2024,FY,2023-01-29,10-K,26974000000,15356000000,4224000000,4368000000,1.74,5641000000,,7339000000,9703000000
2025,FY,2023-01-29,10-K,26974000000,15356000000,4224000000,4368000000,0.17,5641000000,,7339000000,
2024,Q1,2023-01-29,10-Q,,,,,,,,,9703000000
2024,Q2,2023-01-29,10-Q,,,,,,,,,9703000000
2024,Q3,2023-01-29,10-Q,,,,,,,,,9703000000
2024,Q1,2023-04-30,10-Q,7192000000,4648000000,2140000000,2043000000,0.82,2911000000,,1875000000,9704000000
2025,Q1,2023-04-30,10-Q,7192000000,4648000000,2140000000,2043000000,0.82,2911000000,,1875000000,
2024,Q2,2023-07-30,10-Q,13507000000,9462000000,6800000000,6188000000,2.48,9259000000,,2040000000,8456000000
2025,Q2,2023-07-30,10-Q,13507000000,9462000000,6800000000,6188000000,0.25,9259000000,,2040000000,
2024,Q3,2023-10-29,10-Q,18120000000,13400000000,10417000000,9243000000,3.71,16591000000,,2294000000,8457000000
2025,Q3,2023-10-29,10-Q,18120000000,13400000000,10417000000,9243000000,0.37,16591000000,,2294000000,
2024,FY,2024-01-28,10-K,60922000000,44301000000,32972000000,29760000000,11.93,28090000000,,8675000000,8459000000
2025,FY,2024-01-28,10-K,60922000000,44301000000,32972000000,29760000000,1.19,28090000000,,8675000000,8459000000
2026,FY,2024-01-28,10-K,60922000000,44301000000,32972000000,29760000000,1.19,28090000000,,8675000000,
2025,Q1,2024-01-28,10-Q,,,,,,,,,8459000000
2025,Q2,2024-01-28,10-Q,,,,,,,,,8459000000
2025,Q3,2024-01-28,10-Q,,,,,,,,,8459000000
2025,Q1,2024-04-28,10-Q,26044000000,20406000000,16909000000,14881000000,5.98,15345000000,,2720000000,8460000000
2026,Q1,2024-04-28,10-Q,26044000000,20406000000,16909000000,14881000000,0.6,15345000000,,2720000000,
2025,Q2,2024-07-28,10-Q,30040000000,22574000000,18642000000,16599000000,0.67,29833000000,,3090000000,8461000000
2026,Q2,2024-07-28,10-Q,30040000000,22574000000,18642000000,16599000000,0.67,29833000000,,3090000000,
2025,Q3,2024-10-27,10-Q,35082000000,26156000000,21869000000,19309000000,0.78,47460000000,,3390000000,8462000000
2026,Q3,2024-10-27,10-Q,35082000000,26156000000,21869000000,19309000000,0.78,47460000000,,3390000000,
2025,FY,2025-01-26,10-K,130497000000,97858000000,81453000000,72880000000,2.94,64089000000,,12914000000,8463000000
2026,FY,2025-01-26,10-K,130497000000,97858000000,81453000000,72880000000,2.94,64089000000,,12914000000,8463000000
2026,Q1,2025-01-26,10-Q,,,,,,,,,8463000000
2026,Q2,2025-01-26,10-Q,,,,,,,,,8463000000
2026,Q3,2025-01-26,10-Q,,,,,,,,,8463000000
2026,Q1,2025-04-27,10-Q,44062000000,26668000000,21638000000,18775000000,0.76,27414000000,,3989000000,8464000000
2027,Q1,2025-04-27,10-Q,44062000000,26668000000,21638000000,18775000000,0.76,27414000000,,3989000000,
2026,Q2,2025-07-27,10-Q,46743000000,33853000000,28440000000,26422000000,1.08,42779000000,,4291000000,8466000000
2026,Q3,2025-10-26,10-Q,57006000000,41849000000,36010000000,31910000000,1.3,66530000000,,4705000000,7468000000
2026,FY,2026-01-25,10-K,215938000000,153463000000,130387000000,120067000000,4.9,102718000000,,18497000000,7469000000
2027,Q1,2026-01-25,10-Q,,,,,,,,,7469000000
2027,Q1,2026-04-26,10-Q,81615000000,61157000000,53536000000,58321000000,2.39,50344000000,,6321000000,7470000000
